Layer,Parameter,Bit Position,Original Value,New Value
classifier,"(1, 3)",29,-0.03377992659807205,-1.8312134902015297e-21
classifier,"(1, 3)",30,-1.8312134902015297e-21,-6.231296607833293e+17
classifier,"(0, 3)",30,-0.006037577986717224,-2.0544813277898914e+36
