Layer,Parameter,Bit Position,Original Value,New Value
classifier,"(1, 3)",29,0.008302278816699982,4.500674364823252e-22
classifier,"(1, 3)",30,4.500674364823252e-22,1.5315001256024474e+17
classifier,"(0, 3)",30,-0.027443287894129753,-9.338466960707209e+36
