Layer,Parameter,Bit Position,Original Value,New Value
classifier,"(1, 27)",31,-0.0387849323451519,0.0387849323451519
classifier,"(1, 113)",29,0.03413435071706772,1.850426860191348e-21
