Layer,Parameter,Bit Position,Original Value,New Value
classifier,"(1, 42)",29,0.0009588443208485842,5.197905478697115e-23
classifier,"(1, 3)",30,-0.033435020595788956,-1.1377347946385392e+37
classifier,"(0, 3)",30,-0.004218287765979767,-1.4354089453612328e+36
