Layer,Parameter,Bit Position,Original Value,New Value
classifier,"(0, 68)",24,-0.006657449062913656,-0.001664362265728414
classifier,"(0, 69)",26,0.015596091747283936,6.092223338782787e-05
