Layer,Parameter,Bit Position,Original Value,New Value
resnet.conv1,"(np.int64(49), np.int64(2), np.int64(2), np.int64(0))",24,-0.21685650944709778,-0.8674260377883911
resnet.conv1,"(np.int64(29), np.int64(0), np.int64(1), np.int64(2))",25,0.17721600830554962,0.011076000519096851
resnet.conv1,"(np.int64(33), np.int64(1), np.int64(0), np.int64(0))",31,-0.16348575055599213,0.16348575055599213
resnet.conv1,"(np.int64(24), np.int64(2), np.int64(0), np.int64(2))",31,-0.11096019297838211,0.11096019297838211
resnet.conv1,"(np.int64(55), np.int64(1), np.int64(2), np.int64(2))",27,0.122187539935112,1.864433897935669e-06
resnet.conv1,"(np.int64(19), np.int64(2), np.int64(1), np.int64(1))",29,0.06643954664468765,3.601695040556118e-21
resnet.conv1,"(np.int64(44), np.int64(0), np.int64(0), np.int64(1))",27,0.06844241172075272,1.0443483233757433e-06
